{
  "formdata": [
    {
      "firstname": "pradeep",
      "lastname": "Sangamreddy",
      "email": "pradeepmobile09@gmail.com",
      "password": "Pradeep@12",
      "cpassword": "Pradeep@12",
      "mobile": 9347902928,
      "gender": "male",
      "id": 2,
      "status": true
    },
    {
      "firstname": "praveen",
      "lastname": "praveen",
      "email": "praveen@gmail.com",
      "password": "Asdfg@123",
      "cpassword": "Praveen@12",
      "mobile": 8890909080,
      "gender": "",
      "id": 3
    },
    {
      "firstname": "Pradeep",
      "username": "sangamreddy",
      "email": "09910@gmail.com",
      "password": "Pradeep@123",
      "cpassword": "Pradeep@123",
      "mobile": 9098909890,
      "gender": "",
      "status": false,
      "id": 4
    }
  ]
}