{
  "formdata": [
    {
      "firstname": "pradeep",
      "username": "pradeep123",
      "email": "pradeep123@gmail.com",
      "password": null,
      "cpassword": "Pradeep@12",
      "mobile": 9098909890,
      "gender": "",
      "status": false,
      "id": 1
    },
    {
      "firstname": "praveen",
      "username": "praveen",
      "email": "praveen@gmail.com",
      "password": "Pradeep@12",
      "cpassword": "Pradeep@12",
      "mobile": 9098909890,
      "gender": "",
      "status": true,
      "id": 2
    },
    {
      "firstname": "madhu",
      "username": "madhu",
      "email": "madhu@gmail.com",
      "password": "Pradeep@12",
      "cpassword": "Pradeep@12",
      "mobile": 9098909890,
      "gender": "",
      "status": true,
      "id": 3
    },
    {
      "firstname": "sras",
      "username": "srasa",
      "email": "sras@gmail.com",
      "password": "Sras@12",
      "cpassword": "Sras@12",
      "mobile": 9098909890,
      "gender": "male",
      "status": false,
      "id": 4
    },
    {
      "firstname": "Pradeep",
      "lastname": "Sangamreddy",
      "email": "pradeepmobile09@gmail.com",
      "password": "Pradeep@12",
      "cpassword": "Pradeep@12",
      "mobile": 9347902928,
      "gender": "",
      "send_newsletter": "",
      "agree": "",
      "id": 5
    },
    {
      "firstname": "Pradeep",
      "lastname": "Sangamreddy",
      "email": "pradeepmobile09@gmail.com",
      "password": "Pradeep@12",
      "cpassword": "Pradeep@12",
      "mobile": 9347902928,
      "gender": "",
      "send_newsletter": "",
      "agree": "",
      "id": 6
    },
    {
      "firstname": "",
      "lastname": "",
      "email": "",
      "password": "",
      "cpassword": "",
      "mobile": "",
      "gender": "",
      "send_newsletter": "",
      "agree": "",
      "id": 7
    }
  ]
}